title,url,Date
What Is Data Scraping And How Can You Use It? | Target ...,https://www.targetinternet.com/what-is-data-scraping-and-how-can-you-use-it/,"Sep 13, 2017 · Uploaded by Lucy Provost"
What is data scraping? - YouTube,https://www.youtube.com/watch?v=COeMzrSYgvw,"Oct 30, 2020 · Uploaded by The Hindu"
Watch | What is data scraping? - The Hindu,https://www.thehindu.com/sci-tech/technology/what-is-data-scraping/article32908610.ece,"Oct 21, 2020"
What is Web Scraping and What is it Used For? | ParseHub,https://www.parsehub.com/blog/what-is-web-scraping/,"Aug 6, 2019 · Uploaded by ParseHub"
What is DATA SCRAPING? What does DATA SCRAPING ...,https://www.youtube.com/watch?v=omTtMylcWOI,"Sep 21, 2017 · Uploaded by The Audiopedia"
What Is Web Scraping? (How it Works and Why it's So Valuable),https://learn.g2.com/web-scraping,"Apr 30, 2019"
Web Scraping Tool | Free Browser Extensions | Grepsr,https://www.grepsr.com/browser-extensions/,"Jun 9, 2016"
Data Scraping for SEO & Analytics - Tutorial - Optimize Smart,https://www.optimizesmart.com/data-scraping-guide-for-seo/,"Oct 7, 2011 · Uploaded by Garrett French CL"
Web Scraping Software - UiPath,https://www.uipath.com/solutions/technology/web-scraping-software,"Jan 31, 2015 · Uploaded by UiPath"
Top 30 Free Web Scraping Software in 2021 | Octoparse,https://www.octoparse.com/blog/top-30-free-web-scraping-software,"Jan 18, 2021 · Uploaded by Octoparse"
What is a present-day web scraper? | Towards Data Science,https://towardsdatascience.com/what-is-a-present-day-scraper-e2c3d3b79648,"Jun 5, 2020 · Uploaded by Dmitry Narizhnykh"
"Big Data: What Is Web Scraping, and Why Does It Matter ...",https://www.octoparse.com/blog/big-data-what-is-web-scraping-and-why-does-it-matter,"Jan 25, 2021 · Uploaded by Octoparse"
What Is Web Scraping And How Does Web Crawling Work?,https://www.zyte.com/learn/what-is-web-scraping/,"Nov 18, 2020 · Uploaded by Zyte"
Web Scraping Examples: Who Use Data Scraping | Octoparse,https://www.octoparse.com/blog/examples-of-who-use-data-scraping,"Jan 26, 2021 · Uploaded by Octoparse"
Data Scraping and Analysis using Python | by Jasmeet Singh ...,https://towardsdatascience.com/competitive-price-data-scraping-and-analysis-using-python-a1f34758155,"May 24, 2020 · Uploaded by Miguel Albrecht"
20 best web scraping tools for 2020 - ScrapingBee,https://www.scrapingbee.com/blog/web-scraping-tools/,1 day ago · Uploaded by Web Scraper
QVC Can't Stop Web Scraping - Forbes,https://www.forbes.com/sites/ericgoldman/2015/03/24/qvc-cant-stop-web-scraping/,"Mar 24, 2015"
Web Scraper intro tutorial - YouTube,https://www.youtube.com/watch?v=n7fob_XVsbY,"Jun 25, 2019 · Uploaded by Web Scraper"
What is Web Scraping and What is it Used For? | Definition ...,https://www.youtube.com/watch?v=Ct8Gxo8StBU,"Sep 27, 2019 · Uploaded by ParseHub"
Web Scraping Examples: How are Businesses Using Web ...,https://www.parsehub.com/blog/web-scraping-examples/,"Oct 28, 2019 · Uploaded by ParseHub"
Web Scraping vs. Data API Scraping - Alternatives to HTML ...,https://www.youtube.com/watch?v=zj7pXM9gE5M,"Jun 1, 2020 · Uploaded by Stevesie Data"
Web Scraping Benefits - Diffbot,https://www.diffbot.com/web-scraping/,"Dec 17, 2020 · Uploaded by Diffbot"
Automate Web Data Extraction and Data Scraping ...,https://www.helpsystems.com/product-lines/automate/data-scraping-extraction,"Sep 6, 2015"
ImportFromWeb | Easy Web Scraping - Google Workspace ...,https://workspace.google.com/marketplace/app/importfromweb_easy_web_scraping/278587576794,"Feb 5, 2020 · Uploaded by NoDataNoBusiness"
Web Scraping: The Comprehensive Guide for 2020 ...,https://prowebscraper.com/blog/what-is-web-scraping/,"Feb 17, 2020 · Uploaded by ProWebScraper"
Top 5 Social Media Scraping Tools for 2021 | Octoparse,https://www.octoparse.com/blog/top-5-social-media-scraping-tools-for-2021,"Jan 23, 2021 · Uploaded by Octoparse"
Is Web Scraping Easy? How to Scrape Data without Coding ...,https://www.parsehub.com/blog/web-scraping-easy/,"Feb 10, 2020 · Uploaded by ParseHub"
The Essential Guide To Web Scraping Tools | Understanding ...,https://understandingdata.com/web-scraping-tools/,"Mar 27, 2020 · Uploaded by ParseHub"
What is web scraping? Here's what you need to know,https://www.businessinsider.com/what-is-web-scraping,"Jan 14, 2021"
Web Crawling vs Web Scraping: The Differences - Blog ...,https://oxylabs.io/blog/crawling-vs-scraping,"Dec 17, 2020 · Uploaded by Oxylabs"
Screen Scraping Any Desktop Application - UiPath,https://www.uipath.com/learning/video-tutorials/screen-scraping-desktop-application,"Dec 19, 2014 · Uploaded by UiPath"
UiPath Data Scraping (Web Page to Excel) - Tutorial - YouTube,https://www.youtube.com/watch?v=vIAJvk4quqA,"Jan 22, 2020 · Uploaded by Anders Jensen"
Data Scraping | How To Scrape Data From A Website Into Excel,https://www.youtube.com/watch?v=YQbe20G0ZSM,"Jan 6, 2018 · Uploaded by Md Al Amin"
Web Scraping 101: 10 Myths that Everyone Should Know ...,https://www.octoparse.com/blog/10-myths-about-web-scraping,"Jan 19, 2021 · Uploaded by Octoparse"
Web Scraping Tutorial - How to Seed your Database with Web ...,https://www.youtube.com/watch?v=_opDs6UPDyo,"Mar 10, 2017 · Uploaded by Fullstack Academy"
How To Scrape Google For 1000's of Leads. Web Scraping ...,https://www.youtube.com/watch?v=EPxeQjKaTsk,"Apr 22, 2020 · Uploaded by Arpit Khurana"
Extract Data from any Website using Data Scraper - Easy Web ...,https://www.youtube.com/watch?v=B7yyemwCf7g,"Nov 11, 2017 · Uploaded by ITfriend"
Intro to Web Scraping with Python and Beautiful Soup - YouTube,https://www.youtube.com/watch?v=XQgXKtPSzUI,"Jan 7, 2017 · Uploaded by Data Science Dojo"
Scraping and Cleaning Data | Journalist's Toolbox,https://www.journaliststoolbox.org/2021/01/16/find-scrape-and-clean-data/,"Jan 16, 2021 · Uploaded by journaliststoolbox"
Web Scraping vs API: What's the Difference? | ParseHub,https://www.parsehub.com/blog/web-scraping-vs-api/,"Mar 9, 2020 · Uploaded by ParseHub"
Data Scraping In UiPath Rpa Example - YouTube,https://www.youtube.com/watch?v=WtyiwEVF2-w,"May 30, 2019 · Uploaded by KB Tutorials"
Web Scraping vs Data Mining: What's the Difference ...,https://www.parsehub.com/blog/web-scraping-vs-data-mining/,"Mar 2, 2020 · Uploaded by ParseHub"
What Is Web Scraping and 5 Findings about Web Scraping ...,https://www.octoparse.com/blog/what-is-web-scraping,"Feb 1, 2021 · Uploaded by Octoparse"
Automated data scraping from websites into Excel - YouTube,https://www.youtube.com/watch?v=qbOdUaf4yfI,"Nov 3, 2012 · Uploaded by Dinesh Kumar Takyar"
Web scraping with Python | Learn How To Scrape Data Using ...,https://www.youtube.com/watch?v=ktNAhLp0ymg,"Jul 8, 2020 · Uploaded by Great Learning"
Intro To Web Scraping With Python - YouTube,https://www.youtube.com/watch?v=4UcqECQe5Kc,"Jul 29, 2018 · Uploaded by Traversy Media"
How to Scrape Websites at Large Scale | Octoparse,https://www.octoparse.com/blog/scrape-websites-at-large-scale,"Jan 20, 2021 · Uploaded by Octoparse"
Web Scraping Using Python - YouTube,https://www.youtube.com/watch?v=cMFQSmEfbSE,"Dec 20, 2018 · Uploaded by Intellipaat"
Web scraping: Reliably and efficiently pull data from pages ...,https://www.youtube.com/watch?v=52wxGESwQSA,"Mar 9, 2012 · Uploaded by Next Day Video"
Web Scraping with Python - Beautiful Soup Crash Course ...,https://www.youtube.com/watch?v=XVv6mJpFOb0,"Nov 18, 2020 · Uploaded by freeCodeCamp.org"
UiPath Data Scraping in Hindi| Web Data Extraction in Hindi ...,https://www.youtube.com/watch?v=mip15KZKyTs,"Dec 31, 2018 · Uploaded by UiPath RPA"
How does web scraping work? | ParseHub,https://www.parsehub.com/blog/how-web-scraping-works/,"Feb 24, 2020 · Uploaded by ParseHub"
How much does Web Scraping cost? | ParseHub,https://www.parsehub.com/blog/web-scraping-cost/,"Apr 6, 2020 · Uploaded by ParseHub"
FAQ|15 Most Frequently Asked Questions about Web Scraping,https://www.octoparse.com/blog/15-most-frequently-asked-questions-of-web-scraping,"Jan 26, 2021 · Uploaded by Octoparse"
Beginners Guide to Web Scraping | ParseHub,https://www.parsehub.com/blog/beginners-guide-to-web-scraping/,"Nov 17, 2020 · Uploaded by ParseHub"
Web Scraping VS Data Mining: What's the Difference ...,https://www.youtube.com/watch?v=ssUeAe30UTI,"Mar 16, 2020 · Uploaded by ParseHub"
Web Scraping and APIs — Interactive Python Course,https://www.dataquest.io/course/apis-and-scraping/,"Oct 28, 2020 · Uploaded by Dataquest"
Data Scraping Automation Webinar | HelpSystems,https://www.helpsystems.com/resources/on-demand-webinars/automate-data-scraping,"Feb 24, 2017"
Data Mining and Scraping - Digital Marketing Lesson - DMI,https://digitalmarketinginstitute.com/resources/lessons/analytics_data-mining-and-scraping_3hhd,"Jun 26, 2020"
How to Maintain Data Quality While Web Scraping | Octoparse,https://www.octoparse.com/blog/how-to-maintain-data-quality-while-web-scraping,"Jan 20, 2021 · Uploaded by Octoparse"
What is WEB SCRAPING? What does WEB SCRAPING mean ...,https://www.youtube.com/watch?v=7IUfRVYew-o,"Jan 20, 2017 · Uploaded by The Audiopedia"
What is Web Scraping | Web Scraping Services | Grepsr,https://www.grepsr.com/blog/what-is-web-scraping/,"Oct 6, 2020 · Uploaded by Adam Walker"
Data Analytics with Python by Web scraping: Illustration with ...,https://towardsdatascience.com/data-analytics-with-python-by-web-scraping-illustration-with-cia-world-factbook-abbdaa687a84,"Mar 3, 2018 · Uploaded by sentdex"
Comprehensive Python Beautiful Soup Web Scraping Tutorial ...,https://www.youtube.com/watch?v=GjKQ6V_ViQE,"Jul 11, 2020 · Uploaded by Keith Galli"
Can you Make Money from Web Scraping? Of Course ...,https://www.parsehub.com/blog/web-scraping-money/,"Mar 30, 2020 · Uploaded by ParseHub"
Web Scraping Tool to Extract Data from Websites - Agenty,https://www.agenty.com/products/scraping-agent/,"Oct 30, 2019 · Uploaded by Agenty"
Web Scraping Tutorial | Python Beautifulsoup ... - YouTube,https://www.youtube.com/watch?v=mKxFfjNyj3c,"Dec 12, 2017 · Uploaded by edureka!"
Best Data Scraping Tools for 2020 (Top 10 Reviews) | by ...,https://medium.com/datadriveninvestor/best-data-scraping-tools-for-2019-top-10-reviews-4a686061a184,"May 6, 2019 · Uploaded by Octoparse"
Tidy web scraping in R — Tutorial and resources | by Keith ...,https://towardsdatascience.com/tidy-web-scraping-in-r-tutorial-and-resources-ac9f72b4fe47,"Jul 28, 2019 · Uploaded by Yrrah0015"
Very easy Data Scraping income method | Work from home ...,https://www.youtube.com/watch?v=1ZS0PNMYqxw,2 days ago · Uploaded by sanjiv kumar
Webinar: Web-scraping for Social Science Research: A Case ...,https://www.youtube.com/watch?v=ygA1bONLq-4,"Apr 27, 2020 · Uploaded by UK DATA SERVICE"
Scrape The Internet To Get Training Data For Your Machine ...,https://blog.datahut.co/scrape-the-internet-to-get-training-data-for-your-machine-learning-model/,"May 26, 2017"
Web scraping in Python (Part 1): Getting started - YouTube,https://www.youtube.com/watch?v=r_xb0vF1uMc,"Aug 11, 2017 · Uploaded by Data School"
The A-Z of Web Scraping in 2020 [A How-To Guide] - DZone ...,https://dzone.com/articles/the-a-z-of-web-scraping-in-2020-a-how-to-guide,"Sep 1, 2020 · Uploaded by Dmitry Narizhnykh"
Web Scraping with Python Made Easy | by Jose Manu ...,https://towardsdatascience.com/web-scraping-with-python-made-easy-f069ffaf7754,"Jan 28, 2020 · Uploaded by Coding Fun"
UiPath - How to Data Scrape from a web page and save to ...,https://www.youtube.com/watch?v=96ZfYM3z28w,"Apr 4, 2020 · Uploaded by Anders Jensen"
"Automate Data Extraction – Web Scraping, Screen Scraping ...",https://www.youtube.com/watch?v=NwhG7e67sHo,"Jul 20, 2016 · Uploaded by HelpSystems"
What can Web Scraping be Used For? | ParseHub,https://www.parsehub.com/blog/web-scraping-uses/,"Feb 17, 2020 · Uploaded by ParseHub"
Comprehensive Guide: How to Scrape Data from Online ...,https://netpeaksoftware.com/blog/how-to-scrape-data-from-online-stores-with-a-crawler,"Aug 29, 2019 · Uploaded by Netpeak Software"
11 Popular Cloud-based Web Scraping Solutions - Geekflare,https://geekflare.com/web-scraping-tools/,"Nov 27, 2020 · Uploaded by Web Scraper"
How to Extract Data From Millions of Web Pages in the Cloud ...,https://www.youtube.com/watch?v=b2Lc5IzWdJw,"Jan 7, 2020 · Uploaded by Octoparse"
web scraping using python for beginners - YouTube,https://www.youtube.com/watch?v=0_VZ7NpVw1Y,"Feb 15, 2018 · Uploaded by Hitesh Choudhary"
Python Tutorial: Web Scraping with BeautifulSoup and ...,https://www.youtube.com/watch?v=ng2o98k983k,"Nov 8, 2017 · Uploaded by Corey Schafer"
Scraping Data from Website to Excel (Tutorial 2020) | Octoparse,https://www.octoparse.com/blog/scraping-data-from-website-to-excel,"Feb 1, 2020 · Uploaded by Octoparse"
Web Scraping for SQL Machine learning using R scripts,https://www.sqlshack.com/web-scraping-for-sql-machine-learning-using-r-scripts/,"Dec 14, 2020 · Uploaded by ApexSQL by Quest"
Work with UI Elements for UI Automation with Studio - UiPath,https://www.uipath.com/learning/video-tutorials/advanced-ui-automation,"Dec 5, 2014"
How to Scrape Data from a News Website | ParseHub,https://www.parsehub.com/blog/scrape-news-website/,"Jun 11, 2020 · Uploaded by ParseHub"
Scraping and Cleaning Data | Journalist's Toolbox,https://www.journaliststoolbox.org/2021/01/08/find-scrape-and-clean-data/,"Jan 16, 2021 · Uploaded by journaliststoolbox"
5 Best Web Scraping Tools in 2020! - YouTube,https://www.youtube.com/watch?v=QbkXCkcmHJI,"Apr 8, 2019 · Uploaded by Octoparse"
Web Scraping API for Data Extraction: A Beginner's Guide ...,https://www.octoparse.com/blog/web-scraping-api-for-data-extraction-a-beginners-guide,"Jan 19, 2021 · Uploaded by Octoparse"
Web scraping that just works with OpenFaaS with Puppeteer ...,https://www.openfaas.com/blog/puppeteer-scraping/,"Oct 28, 2020"
"How to Scrape Amazon Product Data for Free: Names, Pricing ...",https://www.parsehub.com/blog/scrape-amazon-product-data/,"Nov 9, 2020 · Uploaded by ParseHub"
UiPath Basics #10 - Data Scraping to Excel - YouTube,https://www.youtube.com/watch?v=kOPfG44-CBw,"Jul 13, 2020 · Uploaded by Anders Jensen"
Top 20 Web Crawling Tools to Scrape the Websites Quickly ...,https://www.octoparse.com/blog/top-20-web-crawling-tools-for-extracting-web-data,"Feb 1, 2021 · Uploaded by Octoparse"
Price Scraping: Free Tools to Scrape Price Data | Octoparse,https://www.octoparse.com/blog/price-scraping-octoparse-free-web-scraping-software,"Jan 23, 2021 · Uploaded by Octoparse"
The A-Z of Web Scraping in 2020 [A How-To Guide],https://dataflowkit.com/blog/what-is-a-present-day-web-scraper/,"Jun 7, 2020 · Uploaded by Dmitry Narizhnykh"
How to Scrape a Website that Requires Login | ParseHub,https://www.parsehub.com/blog/web-scrape-login/,"Jan 20, 2020 · Uploaded by ParseHub"
"Python Selenium Tutorial #1 - Web Scraping, Bots & Testing ...",https://www.youtube.com/watch?v=Xjv1sY630Uc,"Apr 26, 2020 · Uploaded by Tech With Tim"
Web Scraping with Python and AWS | Energy Saving App Part ...,https://towardsdatascience.com/web-scraping-with-python-and-aws-energy-saving-app-part-1-5c12eb78770a,"Aug 16, 2020 · Uploaded by Eoin Coogan"
Real Estate Web Scraping: Changing This Industry - Blog ...,https://oxylabs.io/blog/data-scraping-for-real-estate,"May 11, 2020 · Uploaded by Oxylabs"
